[
  {
    "ID": "0001",
    "Name": "T-shirt",
    "Description": "White T-shirt with TMS logo",
    "Picture": "t-shirt.png",
    "Price": 12,
    "Type": 3
  },
  {
    "ID": "0002",
    "Name": "Mug",
    "Description": "Coffee mug with TMS logo",
    "Picture": "mug.png",
    "Price": 8.50,
    "Type": 1
  },
  {
    "ID": "0003",
    "Name": "Stickers",
    "Description": "28 stickers with TMS logo",
    "Picture": "sticker.png",
    "Price": 7.50,
    "Type": 1
  },
  {
    "ID": "0004",
    "Name": "Mouse pad",
    "Description": "Mouse pad with TMS logo",
    "Picture": "mousepad.png",
    "Price": 11,
    "Type": 1
  },
  {
    "ID": "0005",
    "Name": "Magnets",
    "Description": "25 magnets with TMS logo",
    "Picture": "magnet.png",
    "Price": 20.50,
    "Type": 1
  },
  {
    "ID": "0006",
    "Name": "Calendar 2019",
    "Description": "Calendar with TMS logo",
    "Picture": "calendar.png",
    "Price": 4,
    "Type": 1
  },
  {
    "ID": "0007",
    "Name": "Notepad",
    "Description": "50 page notepad with TMS logo (107 x 139 mm)",
    "Picture": "notepad.png",
    "Price": 8.50,
    "Type": 1
  },
  {
    "ID": "0008",
    "Name": "E-Card 1",
    "Description": "Donate to charity",
    "Picture": "ecard1.jpg",
    "Price": 0.01,
    "Type": 2
  },
  {
    "ID": "0009",
    "Name": "E-Card 2",
    "Description": "Donate to charity",
    "Picture": "ecard2.jpg",
    "Price": 0.01,
    "Type": 2
  },
  {
    "ID": "0010",
    "Name": "E-Card 3",
    "Description": "Donate to charity",
    "Picture": "ecard3.jpg",
    "Price": 0.01,
    "Type": 2
  },
  {
    "ID": "0011",
    "Name": "E-Card 4",
    "Description": "Donate to charity",
    "Picture": "ecard4.jpg",
    "Price": 0.01,
    "Type": 2
  },
  {
    "ID": "0012",
    "Name": "E-Card 5",
    "Description": "Donate to charity",
    "Picture": "ecard5.jpg",
    "Price": 0.01,
    "Type": 2
  },
  {
    "ID": "0013",
    "Name": "E-Card 6",
    "Description": "Donate to charity",
    "Picture": "ecard6.jpg",
    "Price": 0.01,
    "Type": 2
  },
  {
    "ID": "0014",
    "Name": "E-Card 7",
    "Description": "Donate to charity",
    "Picture": "ecard7.jpg",
    "Price": 0.01,
    "Type": 2
  }
]