{
	"name": "horse",
	"description": "",
	"version": "1.0.0",
	"homepage": "",
	"mainsrc": "./",
	"projects": [],
	"dependencies": {
		"github.com/adrianosantostreina/adrconnection": "^1.0.2",
		"github.com/hashload/horse": "^v2.0.14",
		"github.com/hashload/horse-basic-auth": "^v1.1.5",
		"github.com/hashload/horse-compression": "^1.1.3",
		"github.com/hashload/horse-logger": "^2.0.2",
		"github.com/hashload/horse-logger-provider-console": "^1.0.3",
		"github.com/hashload/jhonson": "^1.1.2",
		"github.com/viniciussanchez/dataset-serialize": "^v2.3.3"
	}
}