AlbumId,Name,ArtistId,TenantId
1,For Those About To Rock We Salute You,1,Michael
2,Balls to the Wall,2,Hans
3,Restless and Wild,276,Gabriel
4,Let There Be Rock,277,Hans
5,Big Ones,3,Hans
6,Jagged Little Pill,4,Gabriel
7,Facelift,5,Michael
10,Audioslave,8,Hans
11,Out Of Exile,278,Gabriel
13,The Best Of Billy Cobham,10,Hans
14,Alcohol Fueled Brewtality Live! [Disc 1],11,Hans
15,Alcohol Fueled Brewtality Live! [Disc 2],279,Gabriel
16,Black Sabbath,12,Michael
17,Black Sabbath Vol. 4 (Remaster),280,Hans
18,Body Count,13,Gabriel
19,Chemical Wedding,14,Hans
20,The Best Of Buddy Guy - The Millenium Collection,15,Hans
30,BBC Sessions [Disc 1] [Live],22,Gabriel
31,Bongo Fury,23,Michael
35,Garage Inc. (Disc 1),50,Hans
36,Greatest Hits II,51,Gabriel
37,Greatest Kiss,52,Hans
39,International Superhits,54,Hans
40,Into The Light,55,Gabriel
43,MK III The Final Concerts [Disc 1],58,Michael
44,Physical Graffiti [Disc 1],281,Hans
48,The Essential Miles Davis [Disc 1],68,Gabriel
49,The Essential Miles Davis [Disc 2],282,Hans
50,The Final Concerts (Disc 2),283,Hans
51,"Up An' Atom",69,Gabriel
54,"Chronicle, Vol. 1",76,Michael
55,"Chronicle, Vol. 2",284,Hans
58,Come Taste The Band,285,Gabriel
59,Deep Purple In Rock,283,Hans
60,Fireball,283,Hans
61,"Knocking at Your Back Door: The Best Of Deep Purple in the 80's",285,Gabriel
62,Machine Head,58,Michael
63,Purpendicular,283,Hans
64,Slaves And Masters,285,Gabriel
65,Stormbringer,283,Hans
66,The Battle Rages On,283,Hans
67,"Vault: Def Leppard's Greatest Hits",78,Gabriel
68,Outbreak,79,Michael
72,The Cream Of Clapton,81,Hans
73,Unplugged,286,Gabriel
74,Album Of The Year,82,Hans
75,Angel Dust,82,Hans
76,King For A Day Fool For A Lifetime,287,Gabriel
77,The Real Thing,288,Michael
79,In Your Honor [Disc 1],84,Hans
80,In Your Honor [Disc 2],289,Gabriel
81,One By One,84,Hans
82,The Colour And The Shape,84,Hans
83,My Way: The Best Of Frank Sinatra [Disc 1],85,Gabriel
89,American Idiot,290,Michael
90,Appetite for Destruction,88,Hans
91,Use Your Illusion I,291,Gabriel
92,Use Your Illusion II,88,Hans
94,A Matter of Life and Death,90,Hans
95,A Real Dead One,292,Gabriel
96,A Real Live One,293,Michael
97,Brave New World,90,Hans
98,Dance Of Death,292,Gabriel
99,Fear Of The Dark,90,Hans
100,Iron Maiden,90,Hans
101,Killers,292,Gabriel
102,Live After Death,293,Michael
103,Live At Donington 1992 (Disc 1),90,Hans
104,Live At Donington 1992 (Disc 2),292,Gabriel
105,No Prayer For The Dying,90,Hans
106,Piece Of Mind,90,Hans
107,Powerslave,292,Gabriel
108,Rock In Rio [CD1],293,Michael
109,Rock In Rio [CD2],90,Hans
110,Seventh Son of a Seventh Son,292,Gabriel
111,Somewhere in Time,90,Hans
112,The Number of The Beast,90,Hans
113,The X Factor,292,Gabriel
114,Virtual XI,293,Michael
115,Sex Machine,91,Hans
116,Emergency On Planet Earth,92,Gabriel
117,Synkronized,294,Hans
118,The Return Of The Space Cowboy,294,Hans
120,Are You Experienced?,94,Gabriel
121,Surfing with the Alien (Remastered),95,Michael
125,Living After Midnight,98,Hans
126,Unplugged [Live],295,Gabriel
127,BBC Sessions [Disc 2] [Live],281,Hans
128,Coda,281,Hans
129,Houses Of The Holy,22,Gabriel
130,In Through The Out Door,296,Michael
131,IV,281,Hans
132,Led Zeppelin I,22,Gabriel
133,Led Zeppelin II,281,Hans
134,Led Zeppelin III,281,Hans
135,Physical Graffiti [Disc 2],22,Gabriel
136,Presence,296,Michael
137,The Song Remains The Same (Disc 1),281,Hans
138,The Song Remains The Same (Disc 2),22,Gabriel
141,Greatest Hits,100,Hans
144,Misplaced Childhood,102,Hans
146,Seek And Shall Find: More Of The Best (1963-1981),104,Gabriel
147,The Best Of Men At Work,105,Michael
148,Black Album,50,Hans
149,Garage Inc. (Disc 2),297,Gabriel
150,"Kill 'Em All",50,Hans
151,Load,50,Hans
152,Master Of Puppets,297,Gabriel
153,ReLoad,298,Michael
154,Ride The Lightning,50,Hans
155,St. Anger,297,Gabriel
156,...And Justice For All,50,Hans
157,Miles Ahead,282,Hans
163,From The Muddy Banks Of The Wishkah [Live],110,Gabriel
164,Nevermind,299,Michael
170,Bark at the Moon (Remastered),114,Hans
171,Blizzard of Ozz,300,Gabriel
172,Diary of a Madman (Remastered),114,Hans
173,No More Tears (Remastered),114,Hans
174,Tribute,300,Gabriel
176,Original Soundtracks 1,116,Michael
178,Live On Two Legs [Live],118,Hans
179,Pearl Jam,301,Gabriel
180,Riot Act,118,Hans
181,Ten,118,Hans
182,Vs.,301,Gabriel
183,Dark Side Of The Moon,120,Michael
185,Greatest Hits I,302,Hans
186,News Of The World,51,Gabriel
193,Blood Sugar Sex Magik,127,Hans
194,By The Way,127,Hans
195,Californication,303,Gabriel
196,Retrospective I (1974-1980),128,Michael
201,Judas 0: B-Sides and Rarities,131,Hans
202,Rotten Apples: Greatest Hits,304,Gabriel
203,A-Sides,132,Hans
206,Core,134,Hans
207,Mezmerize,135,Gabriel
208,[1997] Black Light Syndrome,136,Michael
209,Live [Disc 1],137,Hans
210,Live [Disc 2],305,Gabriel
211,The Singles,138,Hans
212,Beyond Good And Evil,139,Hans
213,"Pure Cult: The Best Of The Cult (For Rockers, Ravers, Lovers & Sinners) [UK]",306,Gabriel
214,The Doors,140,Michael
215,The Police Greatest Hits,141,Hans
216,"Hot Rocks, 1964-1971 (Disc 1)",142,Gabriel
217,No Security,307,Hans
218,Voodoo Lounge,307,Hans
219,Tangents,143,Gabriel
220,Transmission,308,Michael
221,My Generation - The Very Best Of The Who,144,Hans
232,Achtung Baby,150,Gabriel
233,"All That You Can't Leave Behind",309,Hans
234,B-Sides 1980-1990,309,Hans
235,How To Dismantle An Atomic Bomb,150,Gabriel
236,Pop,310,Michael
237,Rattle And Hum,309,Hans
238,The Best Of 1980-1990,150,Gabriel
239,War,309,Hans
240,Zooropa,309,Hans
241,UB40 The Best Of - Volume Two [UK],151,Gabriel
242,Diver Down,152,Michael
243,"The Best Of Van Halen, Vol. I",311,Hans
244,Van Halen,312,Gabriel
245,Van Halen III,311,Hans
246,Contraband,153,Hans
255,Instant Karma: The Amnesty International Campaign to Save Darfur,150,Gabriel
256,Speak of the Devil,313,Michael
257,20th Century Masters - The Millennium Collection: The Best of Scorpions,179,Hans
260,Cake: B-Sides and Rarities,196,Gabriel
269,Temple of the Dog,204,Hans
270,Carry On,205,Hans
271,Revelations,278,Gabriel
293,"Pavarotti's Opera Made Easy",227,Michael
302,Mascagni: Cavalleria Rusticana,236,Hans
319,Armada: Music from the Courts of England and Spain,251,Gabriel
321,Back to Black,252,Hans
322,Frank,252,Hans
335,"J.S. Bach: Chaconne, Suite in E Minor, Partita in E Major & Prelude, Fugue and Allegro",265,Gabriel
337,"Szymanowski: Piano Works, Vol. 1",266,Michael
341,"Great Recordings of the Century - Shubert: Schwanengesang, 4 Lieder",270,Hans
346,Mozart: Chamber Music,274,Gabriel
347,Koyaanisqatsi (Soundtrack from the Motion Picture),275,Hans
