ArtistId,Name,TenantId
1,AC/DC,Michael
2,Accept,Hans
3,Aerosmith,Hans
4,Alanis Morissette,Gabriel
5,Alice In Chains,Michael
8,Audioslave,Hans
10,Billy Cobham,Hans
11,Black Label Society,Hans
12,Black Sabbath,Michael
13,Body Count,Gabriel
14,Bruce Dickinson,Hans
15,Buddy Guy,Hans
22,Led Zeppelin,Gabriel
23,Frank Zappa & Captain Beefheart,Michael
50,Metallica,Hans
51,Queen,Gabriel
52,Kiss,Hans
54,Green Day,Hans
55,David Coverdale,Gabriel
58,Deep Purple,Michael
68,Miles Davis,Gabriel
69,Gene Krupa,Gabriel
76,Creedence Clearwater Revival,Michael
78,Def Leppard,Gabriel
79,Dennis Chambers,Michael
81,Eric Clapton,Hans
82,Faith No More,Hans
84,Foo Fighters,Hans
85,Frank Sinatra,Gabriel
88,"Guns N' Roses",Hans
90,Iron Maiden,Hans
91,James Brown,Hans
92,Jamiroquai,Gabriel
94,Jimi Hendrix,Gabriel
95,Joe Satriani,Michael
98,Judas Priest,Hans
100,Lenny Kravitz,Hans
102,Marillion,Hans
104,Marvin Gaye,Gabriel
105,Men At Work,Michael
110,Nirvana,Gabriel
114,Ozzy Osbourne,Hans
116,Passengers,Michael
118,Pearl Jam,Hans
119,Peter Tosh,Michael
120,Pink Floyd,Michael
127,Red Hot Chili Peppers,Hans
128,Rush,Michael
129,Simply Red,Hans
131,Smashing Pumpkins,Hans
132,Soundgarden,Hans
134,Stone Temple Pilots,Hans
135,System Of A Down,Gabriel
136,"Terry Bozzio, Tony Levin & Steve Stevens",Michael
137,The Black Crowes,Hans
138,The Clash,Hans
139,The Cult,Hans
140,The Doors,Michael
141,The Police,Hans
142,The Rolling Stones,Gabriel
143,The Tea Party,Gabriel
144,The Who,Hans
150,U2,Gabriel
151,UB40,Gabriel
152,Van Halen,Michael
153,Velvet Revolver,Hans
154,Whitesnake,Gabriel
166,Avril Lavigne,Hans
169,Black Eyed Peas,Hans
170,Jack Johnson,Gabriel
171,Ben Harper,Michael
172,Snow Patrol,Hans
179,Scorpions,Hans
196,Cake,Gabriel
204,Temple of the Dog,Hans
205,Chris Cornell,Hans
227,Luciano Pavarotti,Michael
236,James Levine,Hans
251,Fretwork,Gabriel
252,Amy Winehouse,Hans
265,Julian Bream,Gabriel
266,Martin Roscoe,Michael
270,Gerald Moore,Hans
274,Nash Ensemble,Gabriel
275,Philip Glass Ensemble,Hans
276,Accept,Gabriel
277,AC/DC,Hans
278,Audioslave,Gabriel
279,Black Label Society,Gabriel
280,Black Sabbath,Hans
281,Led Zeppelin,Hans
282,Miles Davis,Hans
283,Deep Purple,Hans
284,Creedence Clearwater Revival,Hans
285,Deep Purple,Gabriel
286,Eric Clapton,Gabriel
287,Faith No More,Gabriel
288,Faith No More,Michael
289,Foo Fighters,Gabriel
290,Green Day,Michael
291,"Guns N' Roses",Gabriel
292,Iron Maiden,Gabriel
293,Iron Maiden,Michael
294,Jamiroquai,Hans
295,Kiss,Gabriel
296,Led Zeppelin,Michael
297,Metallica,Gabriel
298,Metallica,Michael
299,Nirvana,Michael
300,Ozzy Osbourne,Gabriel
301,Pearl Jam,Gabriel
302,Queen,Hans
303,Red Hot Chili Peppers,Gabriel
304,Smashing Pumpkins,Gabriel
305,The Black Crowes,Gabriel
306,The Cult,Gabriel
307,The Rolling Stones,Hans
308,The Tea Party,Michael
309,U2,Hans
310,U2,Michael
311,Van Halen,Hans
312,Van Halen,Gabriel
313,Ozzy Osbourne,Michael
