GenreId,Name,TenantId
1,Rock,Michael
2,Jazz,Hans
3,Metal,Hans
4,Alternative & Punk,Gabriel
5,Rock And Roll,Michael
6,Blues,Hans
7,Latin,Gabriel
8,Reggae,Hans
9,Pop,Gabriel
10,Soundtrack,Michael
12,Easy Listening,Gabriel
13,Heavy Metal,Gabriel
14,R&B/Soul,Hans
15,Electronica/Dance,Hans
23,Alternative,Gabriel
24,Classical,Michael
25,Rock,Hans
26,Rock,Gabriel
27,Metal,Gabriel
28,Metal,Michael
29,Alternative & Punk,Hans
30,Jazz,Gabriel
31,Jazz,Michael
32,Blues,Gabriel
33,Alternative & Punk,Michael
34,Heavy Metal,Michael
35,R&B/Soul,Gabriel
36,Reggae,Gabriel
37,Alternative,Hans
38,Classical,Hans
39,Classical,Gabriel
40,Pop,Hans
41,Soundtrack,Hans
