{
  "apps": [],
  "frameworks": {
    "ext": "node_modules/@sencha/ext"
  },
  "build": {
    "dir": "${workspace.dir}/build"
  },
  "packages": {
    "dir": "${workspace.dir}/packages/local,${workspace.dir}/packages,${workspace.dir}/node_modules/@sencha/ext-${toolkit.name},${workspace.dir}/node_modules/@sencha/ext-${toolkit.name}-treegrid,${workspace.dir}/node_modules/@sencha/ext-${toolkit.name}-theme-base,${workspace.dir}/node_modules/@sencha/ext-${toolkit.name}-theme-ios,${workspace.dir}/node_modules/@sencha/ext-${toolkit.name}-theme-material,${workspace.dir}/node_modules/@sencha/ext-${toolkit.name}-theme-aria,${workspace.dir}/node_modules/@sencha/ext-${toolkit.name}-theme-neutral,${workspace.dir}/node_modules/@sencha/ext-${toolkit.name}-theme-classic,${workspace.dir}/node_modules/@sencha/ext-${toolkit.name}-theme-gray,${workspace.dir}/node_modules/@sencha/ext-${toolkit.name}-theme-crisp,${workspace.dir}/node_modules/@sencha/ext-${toolkit.name}-theme-crisp-touch,${workspace.dir}/node_modules/@sencha/ext-${toolkit.name}-theme-neptune,${workspace.dir}/node_modules/@sencha/ext-${toolkit.name}-theme-neptune-touch,${workspace.dir}/node_modules/@sencha/ext-${toolkit.name}-theme-triton,${workspace.dir}/node_modules/@sencha/ext-${toolkit.name}-theme-graphite,${workspace.dir}/node_modules/@sencha/ext-${toolkit.name}-theme-material,${workspace.dir}/node_modules/@sencha/ext-calendar,${workspace.dir}/node_modules/@sencha/ext-charts,${workspace.dir}/node_modules/@sencha/ext-d3,${workspace.dir}/node_modules/@sencha/ext-exporter,${workspace.dir}/node_modules/@sencha/ext-pivot,${workspace.dir}/node_modules/@sencha/ext-pivot-d3,${workspace.dir}/node_modules/@sencha/ext-froala-editor,${workspace.dir}/node_modules/@sencha/ext-ux,${workspace.dir}/node_modules/@sencha/ext-font-ios",
    "extract": "${workspace.dir}/packages/remote"
  }
}