﻿<?xml version="1.0" encoding="utf-8" ?>
<codetemplate	xmlns="http://schemas.borland.com/Delphi/2005/codetemplates"
				version="1.0.0">
	<template name="dataSetString" invoke="manual">
		<description>
            DataSet String
		</description>
		<author>
            Gabriel Baltazar
		</author>
        <point name="DataSet">
            <text>
               DataSet
            </text>
            <hint>
                DataSet reference
             </hint>
         </point>
         <point name="FieldName">
            <text>
                FieldName
            </text>
            <hint>
                Field Name
            </hint>
        </point>
		<code language="Delphi" delimiter="|"><![CDATA[
|DataSet|.FieldByName('|FieldName|').AsString := |end|
        ]]>
		</code>
	</template>
</codetemplate>
