﻿<?xml version="1.0" encoding="utf-8" ?>
<codetemplate	xmlns="http://schemas.borland.com/Delphi/2005/codetemplates"
				version="1.0.0">
	<template name="dataSetLoop" invoke="manual">
		<description>
            DataSet Loop
		</description>
		<author>
            Gabriel Baltazar
		</author>
        <point name="DataSet">
            <text>
                DataSet
            </text>
            <hint>
                DataSet reference
            </hint>
        </point>
		<code language="Delphi" delimiter="|"><![CDATA[
|DataSet|.First;
while not |DataSet|.Eof do
begin
|*||end|
|*||DataSet|.Next;
end;
        ]]>
		</code>
	</template>
</codetemplate>