﻿<?xml version="1.0" encoding="utf-8" ?>
<codetemplate	xmlns="http://schemas.borland.com/Delphi/2005/codetemplates"
				version="1.0.0">
	<template name="docWiki" invoke="manual">
		<description>
			Search in DocWiki
		</description>
		<author>
			Gabriel Baltazar
		</author>
        <point name="searchFor">
            <text>
                searchFor
            </text>
            <hint>
                Search in DocWiki
            </hint>
        </point>
        <script language="DocWikiSearch" onenter="false" onleave="true" />
		<code language="Delphi" delimiter="|"><![CDATA[
|searchFor||end|
        ]]>
		</code>
	</template>
</codetemplate>
