﻿<?xml version="1.0" encoding="utf-8" ?>
<codetemplate	xmlns="http://schemas.borland.com/Delphi/2005/codetemplates"
				version="1.0.0">
	<template name="intf" invoke="manual">
		<description>
			Declaração de Interface
		</description>
		<author>
			Gabriel Baltazar
		</author>
        <point name="InterfaceName">
            <text>
                InterfaceName
            </text>
            <hint>
                Nome da Interface
            </hint>
        </point>
        <point name="IInterface">
            <text>
                IInterface
            </text>
            <hint>
                Interface Pai
            </hint>
        </point>
        <point name="guid"/>
        <script language="guidGenerator" onvalidate="true" />
		<code language="Delphi" delimiter="|"><![CDATA[
type |InterfaceName| = interface(|IInterface|) [|guid|]
|*||end|
end;
]]>
		</code>
	</template>
</codetemplate>