﻿<?xml version="1.0" encoding="utf-8" ?>
<codetemplate	xmlns="http://schemas.borland.com/Delphi/2005/codetemplates"
				version="1.0.0">
	<template name="scriptTemplateBase" invoke="manual">
		<description>
            Classe base para ScriptTemplate
		</description>
		<author>
            Gabriel Baltazar
		</author>
        <point name="Script">
            <text>
                Script
            </text>
            <hint>
                Script Name
            </hint>
        </point>
        <point name="guid" />
        <script language="guidGenerator" onvalidate="true">
            guid=NewGuid
        </script>
		<code language="Delphi" delimiter="|"><![CDATA[
unit ScriptTemplate.|Script|;

interface

uses System.Classes, System.SysUtils, ToolsAPI, CodeTemplateAPI, ScriptTemplate.Base;

type TScript|Script| = class(TScriptTemplateBase, IOTACodeTemplateScriptEngine)

  public
    procedure Execute(const ATemplate   : IOTACodeTemplate;
                      const APoint      : IOTACodeTemplatePoint;
                      const ASyncPoints : IOTASyncEditPoints;
                      const AScript     : IOTACodeTemplateScript;
                      var Cancel        : Boolean); override;

    function GetIDString: WideString; override;
    function GetLanguage: WideString; override;
end;

implementation

{ TScript|Script| }

procedure TScript|Script|.Execute(const ATemplate   : IOTACodeTemplate;
                                  const APoint      : IOTACodeTemplatePoint;
                                  const ASyncPoints : IOTASyncEditPoints;
                                  const AScript     : IOTACodeTemplateScript;
                                  var Cancel        : Boolean);
begin
|*|inherited;

|*||end|
end;

function TScript|Script|.GetIDString: WideString;
begin
|*|result := |guid|;
end;

function TScript|Script|.GetLanguage: WideString;
begin
|*|result := '|Script|';
end;

end.
]]>
		</code>
	</template>
</codetemplate>