﻿<?xml version="1.0" encoding="utf-8" ?>
<codetemplate	xmlns="http://schemas.borland.com/Delphi/2005/codetemplates"
				version="1.0.0">
	<template name="ormbr.column.integer" invoke="manual">
		<description>
			Property Integer ORMBr
		</description>
		<author>
			Gabriel Baltazar
		</author>
        <point name="columnName">
            <text>
                columnName
            </text>
            <hint>
                Nome da Coluna
            </hint>
        </point>
        <script language="Delphi" onenter="false" onleave="true">
            InvokeClassCompletion;
        </script>
		<code language="Delphi" delimiter="|"><![CDATA[
[Column('|columnName|', ftInteger)]
property |columnName|: Integer read F|columnName| write F|columnName|;

|*||*||selected||end|
        ]]>
		</code>
	</template>
</codetemplate>
