﻿<?xml version="1.0" encoding="utf-8" ?>
<codetemplate	xmlns="http://schemas.borland.com/Delphi/2005/codetemplates"
				version="1.0.0">
	<template name="ormbr.model" invoke="manual">
		<description>
			Mapeamento de Modelo no ORMBr
		</description>
		<author>
			Gabriel Baltazar
		</author>
        <point name="modelName">
            <text>
                modelName
            </text>
            <hint>
                Nome Modelo
            </hint>
        </point>
        <point name="PK">
            <text>
                PK
            </text>
            <hint>
                Primary Key
            </hint>
        </point>
		<code language="Delphi" delimiter="|"><![CDATA[
unit Model.|modelName|;

interface

uses System.SysUtils, System.Classes, Data.DB,
     ormbr.mapping.attributes,
     ormbr.types.mapping,
     ormbr.types.lazy,
     ormbr.types.nullable,
     ormbr.mapping.register;

type
|*|[Entity]
|*|[Table('|modelName|')]
|*|[PrimaryKey('|PK|', AutoInc, NoSort, True)]
|*|T|modelName| = class
|*|private

|*|public
|*||*||end|
|*||*|
|*||*|constructor create;
|*||*|destructor  Destroy; override;
|*||*||end|
end;

implementation

constructor T|modelName|.create;
begin

end;

destructor T|modelName|.Destroy;
begin
|*|
|*|inherited;
end;

end.
        ]]>
		</code>
	</template>
</codetemplate>