﻿<?xml version="1.0" encoding="utf-8" ?>
<codetemplate	xmlns="http://schemas.borland.com/Delphi/2005/codetemplates"
				version="1.0.0">
	<template name="task.create" invoke="manual">
		<description>
			Create ITask
		</description>
		<author>
			Gabriel Baltazar
		</author>
        <point name="taskVar">
            <text>
                taskVar
            </text>
            <hint>
                task variable
            </hint>
        </point>
        <script language="Delphi" onenter="false" onleave="true">
            DeclareVariable(|taskVar|, ITask)
        </script>
		<code language="Delphi" delimiter="|"><![CDATA[
|taskVar| := TTask.Create(
|*|procedure
|*|begin
|*||*|
|*|end);

|taskVar|.Start;
        ]]>
		</code>
	</template>
</codetemplate>