{
  "uuid": "5c87f7da-27f0-45af-a91f-1ceab9c8f6ea",
  "lastMigration": 32,
  "name": "ECom 2024",
  "endpointPrefix": "",
  "latency": 0,
  "port": 3000,
  "hostname": "",
  "folders": [],
  "routes": [
    {
      "uuid": "ac267e58-b05c-4d9e-bc9d-dcdad32914d1",
      "type": "http",
      "documentation": "",
      "method": "get",
      "endpoint": "people",
      "responses": [
        {
          "uuid": "3d5770f1-fac5-45dd-a9d4-b623c8836061",
          "body": "{\n  \"users\": [\n    {{# repeat (queryParam 'total' '10') }}\n      {\n        \"userId\": \"{{ faker 'number.int' min=10000 max=100000 }}\",\n        \"firstname\": \"{{ faker 'person.firstName' }}\",\n        \"lastname\": \"{{ faker 'person.lastName' }}\",\n        \"friends\": [\n          {{# repeat (faker 'number.int' 5) }}\n            {\n              \"id\": \"{{ faker 'string.uuid' }}\"\n            }\n          {{/ repeat }}\n        ]\n      },\n    {{/ repeat }}\n  ],\n  \"total\":\"{{queryParam 'total' '10'}}\"\n}",
          "latency": 0,
          "statusCode": 200,
          "label": "Retorna uma lista de pessoas",
          "headers": [],
          "bodyType": "INLINE",
          "filePath": "",
          "databucketID": "ep8e",
          "sendFileAsBody": false,
          "rules": [],
          "rulesOperator": "OR",
          "disableTemplating": false,
          "fallbackTo404": false,
          "default": true,
          "crudKey": "id",
          "callbacks": []
        }
      ],
      "responseMode": null
    },
    {
      "uuid": "84aa8e49-97f3-4a59-a380-42b85c8f3ef1",
      "type": "http",
      "documentation": "",
      "method": "get",
      "endpoint": "people/:id",
      "responses": [
        {
          "uuid": "08a19ed6-a494-42d5-a91d-bcbe7ffc4865",
          "body": "{\n    \"id\":\"{{urlParam 'id'}}\",\n    \"firstname\":\"{{ faker 'person.firstName' }}\",\n    \"lastname\":\"{{ faker 'person.lastName' }}\",\n    \"friends\":[\n          {{# repeat (faker 'number.int' 5) }}\n            {\n              \"id\":\"{{ faker 'string.uuid' }}\"\n            }\n          {{/ repeat }}\n        ]\n}",
          "latency": 0,
          "statusCode": 200,
          "label": "",
          "headers": [],
          "bodyType": "INLINE",
          "filePath": "",
          "databucketID": "wh7w",
          "sendFileAsBody": false,
          "rules": [],
          "rulesOperator": "OR",
          "disableTemplating": false,
          "fallbackTo404": false,
          "default": true,
          "crudKey": "id",
          "callbacks": []
        },
        {
          "uuid": "3a564316-b1c0-4b52-af6b-e6fe09264cca",
          "body": "{\n  \"error\":\"Person not Found\"\n}",
          "latency": 0,
          "statusCode": 404,
          "label": "",
          "headers": [],
          "bodyType": "INLINE",
          "filePath": "",
          "databucketID": "",
          "sendFileAsBody": false,
          "rules": [
            {
              "target": "params",
              "modifier": "id",
              "value": "2",
              "invert": false,
              "operator": "equals"
            }
          ],
          "rulesOperator": "OR",
          "disableTemplating": false,
          "fallbackTo404": false,
          "default": false,
          "crudKey": "id",
          "callbacks": []
        }
      ],
      "responseMode": null
    },
    {
      "uuid": "aadbe8ed-7689-4bfb-8487-89d7ce9cbab1",
      "type": "http",
      "documentation": "",
      "method": "put",
      "endpoint": "people/:id",
      "responses": [
        {
          "uuid": "553c953d-e2eb-4906-8fe2-5012c63f01a7",
          "body": "{\n  \"id\":\"{{urlParam 'id'}}\",\n  \"name\":\"{{body 'name'}}\",\n  \"lastname\":\"{{body 'lastname'}}\",\n}",
          "latency": 0,
          "statusCode": 200,
          "label": "",
          "headers": [],
          "bodyType": "INLINE",
          "filePath": "",
          "databucketID": "",
          "sendFileAsBody": false,
          "rules": [],
          "rulesOperator": "OR",
          "disableTemplating": false,
          "fallbackTo404": false,
          "default": true,
          "crudKey": "id",
          "callbacks": []
        },
        {
          "uuid": "fff3d73f-013a-4958-a196-c5911ea70986",
          "body": "{\n  \"error\":\"Person not Found\"\n}",
          "latency": 0,
          "statusCode": 404,
          "label": "",
          "headers": [],
          "bodyType": "INLINE",
          "filePath": "",
          "databucketID": "",
          "sendFileAsBody": false,
          "rules": [
            {
              "target": "params",
              "modifier": "id",
              "value": "2",
              "invert": false,
              "operator": "equals"
            }
          ],
          "rulesOperator": "OR",
          "disableTemplating": false,
          "fallbackTo404": false,
          "default": false,
          "crudKey": "id",
          "callbacks": []
        }
      ],
      "responseMode": null
    },
    {
      "uuid": "da4cae87-f61e-4f5d-984c-bd7f8ddaf400",
      "type": "http",
      "documentation": "",
      "method": "post",
      "endpoint": "people",
      "responses": [
        {
          "uuid": "0b579bfc-4c9b-4430-af3c-78e013db2166",
          "body": "{\n  \"id\":\"{{faker 'number.int' min=10 max=100}}\",\n  \"name\":\"{{body 'name'}}\",\n  \"lastname\":\"{{body 'lastname'}}\"\n}",
          "latency": 0,
          "statusCode": 201,
          "label": "",
          "headers": [
            {
              "key": "ETag",
              "value": "{{now}}"
            }
          ],
          "bodyType": "INLINE",
          "filePath": "",
          "databucketID": "",
          "sendFileAsBody": false,
          "rules": [],
          "rulesOperator": "OR",
          "disableTemplating": false,
          "fallbackTo404": false,
          "default": true,
          "crudKey": "id",
          "callbacks": []
        }
      ],
      "responseMode": null
    },
    {
      "uuid": "0e2c397a-f397-4033-ad18-991f06a6487f",
      "type": "http",
      "documentation": "",
      "method": "delete",
      "endpoint": "people/:id",
      "responses": [
        {
          "uuid": "48e51d1b-d62c-4ed7-a51b-4786127ecfc3",
          "body": "",
          "latency": 0,
          "statusCode": 204,
          "label": "",
          "headers": [],
          "bodyType": "INLINE",
          "filePath": "",
          "databucketID": "",
          "sendFileAsBody": false,
          "rules": [],
          "rulesOperator": "OR",
          "disableTemplating": false,
          "fallbackTo404": false,
          "default": true,
          "crudKey": "id",
          "callbacks": []
        },
        {
          "uuid": "85a0e219-d54d-48cc-836f-d6f6ff12e0dc",
          "body": "{\n  \"error\":\"Person not Found\"\n}",
          "latency": 0,
          "statusCode": 404,
          "label": "",
          "headers": [],
          "bodyType": "INLINE",
          "filePath": "",
          "databucketID": "",
          "sendFileAsBody": false,
          "rules": [
            {
              "target": "params",
              "modifier": "id",
              "value": "2",
              "invert": false,
              "operator": "equals"
            }
          ],
          "rulesOperator": "OR",
          "disableTemplating": false,
          "fallbackTo404": false,
          "default": false,
          "crudKey": "id",
          "callbacks": []
        }
      ],
      "responseMode": null
    },
    {
      "uuid": "c66625a0-8df3-45ff-8d9b-58e9459520fc",
      "type": "http",
      "documentation": "",
      "method": "get",
      "endpoint": "timeout",
      "responses": [
        {
          "uuid": "e7cb5328-842c-44df-9197-cd57998ce2d1",
          "body": "{\n  \"error\": \"timeout\"\n}",
          "latency": 2000,
          "statusCode": 408,
          "label": "",
          "headers": [],
          "bodyType": "INLINE",
          "filePath": "",
          "databucketID": "",
          "sendFileAsBody": false,
          "rules": [],
          "rulesOperator": "OR",
          "disableTemplating": false,
          "fallbackTo404": false,
          "default": true,
          "crudKey": "id",
          "callbacks": []
        }
      ],
      "responseMode": null
    },
    {
      "uuid": "8fb9e5d3-b9ae-4b9a-acea-2443cfc5ebe6",
      "type": "http",
      "documentation": "",
      "method": "all",
      "endpoint": "protected/*",
      "responses": [
        {
          "uuid": "14eb71f3-8195-4ac2-908f-d0b4eda72f6b",
          "body": "{}",
          "latency": 0,
          "statusCode": 401,
          "label": "",
          "headers": [],
          "bodyType": "INLINE",
          "filePath": "",
          "databucketID": "",
          "sendFileAsBody": false,
          "rules": [
            {
              "target": "header",
              "modifier": "Authorization",
              "value": "Basic dXNlcjpwYXNzd29yZA==",
              "invert": true,
              "operator": "equals"
            }
          ],
          "rulesOperator": "OR",
          "disableTemplating": false,
          "fallbackTo404": false,
          "default": true,
          "crudKey": "id",
          "callbacks": []
        }
      ],
      "responseMode": "FALLBACK"
    },
    {
      "uuid": "5d040c8d-bcf6-46f0-bf33-0923881de3ef",
      "type": "http",
      "documentation": "",
      "method": "get",
      "endpoint": "protected/vendas",
      "responses": [
        {
          "uuid": "20987063-2336-4891-9b85-238df59bb8c3",
          "body": "{\n  \"id\": 123\n}",
          "latency": 0,
          "statusCode": 200,
          "label": "",
          "headers": [],
          "bodyType": "INLINE",
          "filePath": "",
          "databucketID": "",
          "sendFileAsBody": false,
          "rules": [],
          "rulesOperator": "OR",
          "disableTemplating": false,
          "fallbackTo404": false,
          "default": true,
          "crudKey": "id",
          "callbacks": []
        }
      ],
      "responseMode": null
    },
    {
      "uuid": "e26f082f-802f-4bcf-bf94-b0452eda7bed",
      "type": "http",
      "documentation": "",
      "method": "get",
      "endpoint": "enviarnfe/:cstat",
      "responses": [
        {
          "uuid": "51f4ec7f-5684-4bb4-bdb3-8b02ed32bda7",
          "body": "{}",
          "latency": 0,
          "statusCode": 200,
          "label": "",
          "headers": [
            {
              "key": "Content-Type",
              "value": "application/xml"
            }
          ],
          "bodyType": "DATABUCKET",
          "filePath": "",
          "databucketID": "cdjg",
          "sendFileAsBody": false,
          "rules": [
            {
              "target": "params",
              "modifier": "cstat",
              "value": "100",
              "invert": false,
              "operator": "equals"
            }
          ],
          "rulesOperator": "OR",
          "disableTemplating": false,
          "fallbackTo404": false,
          "default": true,
          "crudKey": "id",
          "callbacks": []
        },
        {
          "uuid": "f7dfbdbe-f094-48b1-b286-89b44f3216d3",
          "body": "{}",
          "latency": 0,
          "statusCode": 200,
          "label": "",
          "headers": [
            {
              "key": "Content-Type",
              "value": "application/xml"
            }
          ],
          "bodyType": "DATABUCKET",
          "filePath": "",
          "databucketID": "h10m",
          "sendFileAsBody": false,
          "rules": [
            {
              "target": "params",
              "modifier": "cstat",
              "value": "204",
              "invert": false,
              "operator": "equals"
            }
          ],
          "rulesOperator": "OR",
          "disableTemplating": false,
          "fallbackTo404": false,
          "default": false,
          "crudKey": "id",
          "callbacks": []
        },
        {
          "uuid": "311006c4-cf7c-4f05-880f-a363c580b3b9",
          "body": "{}",
          "latency": 0,
          "statusCode": 200,
          "label": "",
          "headers": [
            {
              "key": "Content-Type",
              "value": "application/xml"
            }
          ],
          "bodyType": "DATABUCKET",
          "filePath": "",
          "databucketID": "pc9f",
          "sendFileAsBody": false,
          "rules": [
            {
              "target": "params",
              "modifier": "cstat",
              "value": "302",
              "invert": false,
              "operator": "equals"
            }
          ],
          "rulesOperator": "OR",
          "disableTemplating": false,
          "fallbackTo404": false,
          "default": false,
          "crudKey": "id",
          "callbacks": []
        }
      ],
      "responseMode": null
    },
    {
      "uuid": "1c0bbb92-f492-4831-a089-93f87182e079",
      "type": "http",
      "documentation": "",
      "method": "get",
      "endpoint": "performace",
      "responses": [
        {
          "uuid": "1c870e83-51f8-486b-b980-257b142b93df",
          "body": "{}",
          "latency": 0,
          "statusCode": 200,
          "label": "",
          "headers": [],
          "bodyType": "DATABUCKET",
          "filePath": "",
          "databucketID": "r9v5",
          "sendFileAsBody": false,
          "rules": [],
          "rulesOperator": "OR",
          "disableTemplating": false,
          "fallbackTo404": false,
          "default": true,
          "crudKey": "id",
          "callbacks": []
        }
      ],
      "responseMode": null
    },
    {
      "uuid": "0eb6f924-9646-4ada-af0b-f4f3a5e7938a",
      "type": "http",
      "documentation": "",
      "method": "get",
      "endpoint": "jwt",
      "responses": [
        {
          "uuid": "4b673419-7ca4-4069-a5f9-64201a528347",
          "body": "{\r\n  \"sub\":\"{{jwtPayload (header 'Authorization') 'sub'}}\",\r\n  \"name\":\"{{lookup (jwtPayload (header 'Authorization')) 'name'}}\",\r\n  \"iat\" :\"{{lookup (jwtPayload (header 'Authorization')) 'iat'}}\"\r\n}\r\n",
          "latency": 0,
          "statusCode": 200,
          "label": "",
          "headers": [],
          "bodyType": "INLINE",
          "filePath": "",
          "databucketID": "",
          "sendFileAsBody": false,
          "rules": [],
          "rulesOperator": "OR",
          "disableTemplating": false,
          "fallbackTo404": false,
          "default": true,
          "crudKey": "id",
          "callbacks": []
        }
      ],
      "responseMode": null
    }
  ],
  "rootChildren": [
    {
      "type": "route",
      "uuid": "ac267e58-b05c-4d9e-bc9d-dcdad32914d1"
    },
    {
      "type": "route",
      "uuid": "84aa8e49-97f3-4a59-a380-42b85c8f3ef1"
    },
    {
      "type": "route",
      "uuid": "aadbe8ed-7689-4bfb-8487-89d7ce9cbab1"
    },
    {
      "type": "route",
      "uuid": "da4cae87-f61e-4f5d-984c-bd7f8ddaf400"
    },
    {
      "type": "route",
      "uuid": "0e2c397a-f397-4033-ad18-991f06a6487f"
    },
    {
      "type": "route",
      "uuid": "c66625a0-8df3-45ff-8d9b-58e9459520fc"
    },
    {
      "type": "route",
      "uuid": "8fb9e5d3-b9ae-4b9a-acea-2443cfc5ebe6"
    },
    {
      "type": "route",
      "uuid": "5d040c8d-bcf6-46f0-bf33-0923881de3ef"
    },
    {
      "type": "route",
      "uuid": "e26f082f-802f-4bcf-bf94-b0452eda7bed"
    },
    {
      "type": "route",
      "uuid": "1c0bbb92-f492-4831-a089-93f87182e079"
    },
    {
      "type": "route",
      "uuid": "0eb6f924-9646-4ada-af0b-f4f3a5e7938a"
    }
  ],
  "proxyMode": false,
  "proxyHost": "",
  "proxyRemovePrefix": false,
  "tlsOptions": {
    "enabled": false,
    "type": "CERT",
    "pfxPath": "",
    "certPath": "",
    "keyPath": "",
    "caPath": "",
    "passphrase": ""
  },
  "cors": true,
  "headers": [
    {
      "key": "Content-Type",
      "value": "application/json"
    },
    {
      "key": "Access-Control-Allow-Origin",
      "value": "*"
    },
    {
      "key": "Access-Control-Allow-Methods",
      "value": "GET,POST,PUT,PATCH,DELETE,HEAD,OPTIONS"
    },
    {
      "key": "Access-Control-Allow-Headers",
      "value": "Content-Type, Origin, Accept,Authorization,Content-Length, X-Requested-With"
    }
  ],
  "proxyReqHeaders": [
    {
      "key": "",
      "value": ""
    }
  ],
  "proxyResHeaders": [
    {
      "key": "",
      "value": ""
    }
  ],
  "data": [
    {
      "uuid": "d3637236-9a55-4ead-bbd8-fb691dc0019c",
      "id": "ep8e",
      "name": "Users",
      "documentation": "",
      "value": "{\n  \"users\": [\n    {{# repeat (queryParam 'total' '10') }}\n      {\n        \"userId\": \"{{ faker 'number.int' min=10000 max=100000 }}\",\n        \"firstname\": \"{{ faker 'person.firstName' }}\",\n        \"lastname\": \"{{ faker 'person.lastName' }}\",\n        \"friends\": [\n          {{# repeat (faker 'number.int' 5) }}\n            {\n              \"id\": \"{{ faker 'string.uuid' }}\"\n            }\n          {{/ repeat }}\n        ]\n      },\n    {{/ repeat }}\n  ],\n  \"total\": \"{{queryParam 'total' '10'}}\"\n}"
    },
    {
      "uuid": "11a85bcf-6a32-48f9-a455-ff5725d07ee2",
      "id": "wh7w",
      "name": "User",
      "documentation": "",
      "value": "{\n    \"id\": \"{{urlParam 'id'}}\",\n    \"firstname\": \"{{ faker 'person.firstName' }}\",\n    \"lastname\": \"{{ faker 'person.lastName' }}\",\n    \"friends\": [\n          {{# repeat (faker 'number.int' 5) }}\n            {\n              \"id\": \"{{ faker 'string.uuid' }}\"\n            }\n          {{/ repeat }}\n        ]\n}"
    },
    {
      "uuid": "992c15aa-6054-4875-8a57-6369e5b4a997",
      "id": "cdjg",
      "name": "NfeEnvioRetorno100",
      "documentation": "",
      "value": "<?xml version=\"1.0\" encoding=\"UTF-8\"?>\r\n<nfeProc xmlns=\"http://www.portalfiscal.inf.br/nfe\" versao=\"4.00\">\r\n  <NFe xmlns=\"http://www.portalfiscal.inf.br/nfe\">\r\n    <infNFe versao=\"4.00\" Id=\"NFe35180601234567890123550010000000011000000016\">\r\n      <ide>\r\n        <cUF>35</cUF>\r\n        <cNF>00000001</cNF>\r\n        <natOp>Venda</natOp>\r\n        <mod>55</mod>\r\n        <serie>1</serie>\r\n        <nNF>1</nNF>\r\n        <dhEmi>2023-08-31T13:12:00-03:00</dhEmi>\r\n        <tpNF>1</tpNF>\r\n        <idDest>1</idDest>\r\n        <cMunFG>3550308</cMunFG>\r\n        <tpImp>1</tpImp>\r\n        <tpEmis>1</tpEmis>\r\n        <cDV>6</cDV>\r\n        <tpAmb>1</tpAmb>\r\n        <finNFe>1</finNFe>\r\n        <indFinal>1</indFinal>\r\n        <indPres>1</indPres>\r\n        <procEmi>0</procEmi>\r\n        <verProc>1.0.0</verProc>\r\n      </ide>\r\n      <emit>\r\n        <CNPJ>01234567000189</CNPJ>\r\n        <xNome>Empresa Exemplo LTDA</xNome>\r\n        <enderEmit>\r\n          <xLgr>Rua Exemplo</xLgr>\r\n          <nro>123</nro>\r\n          <xBairro>Centro</xBairro>\r\n          <cMun>3550308</cMun>\r\n          <xMun>São Paulo</xMun>\r\n          <UF>SP</UF>\r\n          <CEP>01001000</CEP>\r\n          <cPais>1058</cPais>\r\n          <xPais>Brasil</xPais>\r\n          <fone>11999999999</fone>\r\n        </enderEmit>\r\n        <IE>123456789</IE>\r\n        <CRT>3</CRT>\r\n      </emit>\r\n      <dest>\r\n        <CNPJ>98765432000198</CNPJ>\r\n        <xNome>Cliente Exemplo S/A</xNome>\r\n        <enderDest>\r\n          <xLgr>Avenida Teste</xLgr>\r\n          <nro>456</nro>\r\n          <xBairro>Vila Teste</xBairro>\r\n          <cMun>3304557</cMun>\r\n          <xMun>Rio de Janeiro</xMun>\r\n          <UF>RJ</UF>\r\n          <CEP>20010010</CEP>\r\n          <cPais>1058</cPais>\r\n          <xPais>Brasil</xPais>\r\n          <fone>21999999999</fone>\r\n        </enderDest>\r\n        <indIEDest>1</indIEDest>\r\n        <IE>987654321</IE>\r\n      </dest>\r\n      <det nItem=\"1\">\r\n        <prod>\r\n          <cProd>12345</cProd>\r\n          <cEAN>SEM GTIN</cEAN>\r\n          <xProd>Produto Exemplo</xProd>\r\n          <NCM>61099000</NCM>\r\n          <CFOP>5102</CFOP>\r\n          <uCom>UN</uCom>\r\n          <qCom>10.0000</qCom>\r\n          <vUnCom>100.00</vUnCom>\r\n          <vProd>1000.00</vProd>\r\n          <cEANTrib>SEM GTIN</cEANTrib>\r\n          <uTrib>UN</uTrib>\r\n          <qTrib>10.0000</qTrib>\r\n          <vUnTrib>100.00</vUnTrib>\r\n          <indTot>1</indTot>\r\n        </prod>\r\n        <imposto>\r\n          <ICMS>\r\n            <ICMS00>\r\n              <orig>0</orig>\r\n              <CST>00</CST>\r\n              <modBC>3</modBC>\r\n              <vBC>1000.00</vBC>\r\n              <pICMS>18.00</pICMS>\r\n              <vICMS>180.00</vICMS>\r\n            </ICMS00>\r\n          </ICMS>\r\n          <PIS>\r\n            <PISAliq>\r\n              <CST>01</CST>\r\n              <vBC>1000.00</vBC>\r\n              <pPIS>1.65</pPIS>\r\n              <vPIS>16.50</vPIS>\r\n            </PISAliq>\r\n          </PIS>\r\n          <COFINS>\r\n            <COFINSAliq>\r\n              <CST>01</CST>\r\n              <vBC>1000.00</vBC>\r\n              <pCOFINS>7.60</pCOFINS>\r\n              <vCOFINS>76.00</vCOFINS>\r\n            </COFINSAliq>\r\n          </COFINS>\r\n        </imposto>\r\n      </det>\r\n      <total>\r\n        <ICMSTot>\r\n          <vBC>1000.00</vBC>\r\n          <vICMS>180.00</vICMS>\r\n          <vICMSDeson>0.00</vICMSDeson>\r\n          <vFCP>0.00</vFCP>\r\n          <vBCST>0.00</vBCST>\r\n          <vST>0.00</vST>\r\n          <vFCPST>0.00</vFCPST>\r\n          <vFCPSTRet>0.00</vFCPSTRet>\r\n          <vProd>1000.00</vProd>\r\n          <vFrete>0.00</vFrete>\r\n          <vSeg>0.00</vSeg>\r\n          <vDesc>0.00</vDesc>\r\n          <vII>0.00</vII>\r\n          <vIPI>0.00</vIPI>\r\n          <vIPIDevol>0.00</vIPIDevol>\r\n          <vPIS>16.50</vPIS>\r\n          <vCOFINS>76.00</vCOFINS>\r\n          <vOutro>0.00</vOutro>\r\n          <vNF>1000.00</vNF>\r\n        </ICMSTot>\r\n      </total>\r\n      <transp>\r\n        <modFrete>0</modFrete>\r\n      </transp>\r\n      <pag>\r\n        <detPag>\r\n          <tPag>01</tPag>\r\n          <vPag>1000.00</vPag>\r\n        </detPag>\r\n      </pag>\r\n      <infAdic>\r\n        <infCpl>Informações adicionais da NF-e.</infCpl>\r\n      </infAdic>\r\n    </infNFe>\r\n  </NFe>\r\n  <protNFe versao=\"4.00\">\r\n    <infProt>\r\n      <tpAmb>1</tpAmb>\r\n      <verAplic>SP_NFE_PL_009h</verAplic>\r\n      <chNFe>35180601234567890123550010000000011000000016</chNFe>\r\n      <dhRecbto>2023-08-31T13:15:00-03:00</dhRecbto>\r\n      <nProt>135180000000000</nProt>\r\n      <digVal>abcdeFGHIJKLmnOpqRsTUvwXyZ123456</digVal>\r\n      <cStat>100</cStat>\r\n      <xMotivo>Autorizado o uso da NF-e</xMotivo>\r\n    </infProt>\r\n  </protNFe>\r\n</nfeProc>\r\n"
    },
    {
      "uuid": "800e1904-af5c-4a29-ad8c-31479d211c46",
      "id": "h10m",
      "name": "NfeEnvioRetorno204",
      "documentation": "",
      "value": "<retEnviNFe xmlns=\"http://www.portalfiscal.inf.br/nfe\" versao=\"4.00\">\n  <tpAmb>1</tpAmb>\n  <verAplic>SP_NFE_PL_009h</verAplic>\n  <cStat>204</cStat>\n  <xMotivo>Duplicidade de NF-e</xMotivo>\n  <cUF>35</cUF>\n  <dhRecbto>2023-09-01T10:30:00-03:00</dhRecbto>\n  <infRec>\n    <nRec>351000000000000</nRec>\n    <tMed>1</tMed>\n  </infRec>\n</retEnviNFe>"
    },
    {
      "uuid": "d85da87d-0de7-4a16-a3f4-99f89b8a5d6b",
      "id": "pc9f",
      "name": "NfeEnvioRetorno302",
      "documentation": "",
      "value": "<retEnviNFe xmlns=\"http://www.portalfiscal.inf.br/nfe\" versao=\"4.00\">\r\n  <tpAmb>1</tpAmb>\r\n  <verAplic>SP_NFE_PL_009h</verAplic>\r\n  <cStat>302</cStat>\r\n  <xMotivo>Uso Denegado: Irregularidade fiscal do destinatário</xMotivo>\r\n  <cUF>35</cUF>\r\n  <dhRecbto>2023-09-01T10:45:00-03:00</dhRecbto>\r\n  <protNFe versao=\"4.00\">\r\n    <infProt>\r\n      <tpAmb>1</tpAmb>\r\n      <verAplic>SP_NFE_PL_009h</verAplic>\r\n      <chNFe>35180601234567890123550010000000011000000016</chNFe>\r\n      <dhRecbto>2023-09-01T10:45:00-03:00</dhRecbto>\r\n      <nProt>135180000000001</nProt>\r\n      <digVal>abcdeFGHIJKLmnOpqRsTUvwXyZ123456</digVal>\r\n      <cStat>302</cStat>\r\n      <xMotivo>Uso Denegado: Irregularidade fiscal do destinatário</xMotivo>\r\n    </infProt>\r\n  </protNFe>\r\n</retEnviNFe>\r\n"
    },
    {
      "uuid": "61cffeac-aab9-486a-bbec-330838e1be3c",
      "id": "r9v5",
      "name": "Performace",
      "documentation": "",
      "value": "{\n  \"users\": [\n    {{# repeat (queryParam 'total' '1000') }}\n      {\n        \"userId\": \"{{ faker 'number.int' min=10000 max=100000 }}\",\n        \"firstname\": \"{{ faker 'person.firstName' }}\",\n        \"lastname\": \"{{ faker 'person.lastName' }}\",\n        \"friends\": [\n          {{# repeat (faker 'number.int' 5) }}\n            {\n              \"id\": \"{{ faker 'string.uuid' }}\"\n            }\n          {{/ repeat }}\n        ]\n      },\n    {{/ repeat }}\n  ],\n  \"total\": \"{{queryParam 'total' '1000'}}\"\n}"
    }
  ],
  "callbacks": []
}