{
   "destination_addresses" : [ "Av. Rebou�as, 600 - Pinheiros, S�o Paulo - SP, 05402-000, Brasil" ],
   "origin_addresses" : ["R. Dr. Nicholson Taves, 490 - Centro, Osvaldo Cruz - SP, 17700-000, Brasil"],
   "rows" : 
   [
      {
         "elements" : 
		 [
            {
               "distance" : 
			   {
                  "text" : "553 km",
                  "value" : 552622
               },
               "duration" : 
			   {
                  "text" : "6 horas 35 minutos",
                  "value" : 23701
               },
               "status" : "OK"
            }
         ]
      }
   ],
   "status" : "OK"
}