﻿{"FDBS":{"Version":15,"Manager":{"UpdatesRegistry":true,"TableList":[{"class":"Table","Name":"FDMemTable1","SourceName":"Table","TabID":0,"EnforceConstraints":false,"MinimumCapacity":50,"CheckNotNull":false,"ColumnList":[{"class":"Column","Name":"x","SourceName":"x","SourceID":1,"DataType":"Double","Searchable":true,"AllowNull":true,"Base":true,"OAllowNull":true,"OInUpdate":true,"OInWhere":true,"OriginColName":"x"},{"class":"Column","Name":"y","SourceName":"y","SourceID":2,"DataType":"Double","Searchable":true,"AllowNull":true,"Base":true,"OAllowNull":true,"OInUpdate":true,"OInWhere":true,"OriginColName":"y"}],"ConstraintList":[],"ViewList":[],"RowList":[{"RowID":0,"Original":{"x":0,"y":3.74000000000000021}},{"RowID":1,"Original":{"x":1,"y":5.87000000000000011}},{"RowID":2,"Original":{"x":2,"y":7}},{"RowID":3,"Original":{"x":3,"y":9.23000000000000043}},{"RowID":4,"Original":{"x":4,"y":9.35999999999999943}},{"RowID":5,"Original":{"x":5,"y":11.3900000000000006}},{"RowID":6,"Original":{"x":6,"y":12.8200000000000003}},{"RowID":7,"Original":{"x":7,"y":11.9499999999999993}},{"RowID":8,"Original":{"x":8,"y":15.1799999999999997}},{"RowID":9,"Original":{"x":9,"y":16.2100000000000009}},{"RowID":10,"Original":{"x":10,"y":16.7399999999999984}},{"RowID":11,"Original":{"x":11,"y":17.870000000000001}},{"RowID":12,"Original":{"x":12,"y":17.6999999999999993}},{"RowID":13,"Original":{"x":13,"y":18.0300000000000011}},{"RowID":14,"Original":{"x":14,"y":20.4600000000000009}},{"RowID":15,"Original":{"x":15,"y":21.7899999999999991}},{"RowID":16,"Original":{"x":16,"y":22.7199999999999989}},{"RowID":17,"Original":{"x":17,"y":24.6499999999999986}},{"RowID":18,"Original":{"x":18,"y":25.0799999999999983}},{"RowID":19,"Original":{"x":19,"y":28.7100000000000009}},{"RowID":20,"Original":{"x":20,"y":28.4400000000000013}},{"RowID":21,"Original":{"x":21,"y":30.0700000000000003}},{"RowID":22,"Original":{"x":22,"y":30.1999999999999993}},{"RowID":23,"Original":{"x":23,"y":30.3299999999999983}},{"RowID":24,"Original":{"x":24,"y":33.259999999999998}},{"RowID":25,"Original":{"x":25,"y":32.5900000000000034}},{"RowID":26,"Original":{"x":26,"y":36.9200000000000017}},{"RowID":27,"Original":{"x":27,"y":37.4500000000000028}},{"RowID":28,"Original":{"x":28,"y":38.0799999999999983}},{"RowID":29,"Original":{"x":29,"y":39.509999999999998}},{"RowID":30,"Original":{"x":30,"y":39.1400000000000006}},{"RowID":31,"Original":{"x":31,"y":40.4699999999999989}},{"RowID":32,"Original":{"x":32,"y":41.8999999999999986}},{"RowID":33,"Original":{"x":33,"y":43.7299999999999969}},{"RowID":34,"Original":{"x":34,"y":45.759999999999998}},{"RowID":35,"Original":{"x":35,"y":45.0900000000000034}},{"RowID":36,"Original":{"x":36,"y":49.0200000000000031}},{"RowID":37,"Original":{"x":37,"y":50.1499999999999986}},{"RowID":38,"Original":{"x":38,"y":50.7800000000000011}},{"RowID":39,"Original":{"x":39,"y":52.009999999999998}},{"RowID":40,"Original":{"x":40,"y":51.240000000000002}},{"RowID":41,"Original":{"x":41,"y":54.1700000000000017}},{"RowID":42,"Original":{"x":42,"y":56}},{"RowID":43,"Original":{"x":43,"y":56.9299999999999997}},{"RowID":44,"Original":{"x":44,"y":59.0600000000000023}},{"RowID":45,"Original":{"x":45,"y":59.5900000000000034}},{"RowID":46,"Original":{"x":46,"y":60.2199999999999989}},{"RowID":47,"Original":{"x":47,"y":60.5499999999999972}},{"RowID":48,"Original":{"x":48,"y":64.3799999999999954}},{"RowID":49,"Original":{"x":49,"y":64.5100000000000051}},{"RowID":50,"Original":{"x":50,"y":65.1400000000000006}},{"RowID":51,"Original":{"x":51,"y":64.9699999999999989}},{"RowID":52,"Original":{"x":52,"y":65.7000000000000028}},{"RowID":53,"Original":{"x":53,"y":69.730000000000004}},{"RowID":54,"Original":{"x":54,"y":69.8599999999999994}},{"RowID":55,"Original":{"x":55,"y":69.8900000000000006}},{"RowID":56,"Original":{"x":56,"y":73.519999999999996}},{"RowID":57,"Original":{"x":57,"y":73.4500000000000028}},{"RowID":58,"Original":{"x":58,"y":74.980000000000004}},{"RowID":59,"Original":{"x":59,"y":75.0100000000000051}},{"RowID":60,"Original":{"x":60,"y":77.8400000000000034}},{"RowID":61,"Original":{"x":61,"y":79.269999999999996}},{"RowID":62,"Original":{"x":62,"y":78.4000000000000057}},{"RowID":63,"Original":{"x":63,"y":82.1299999999999954}},{"RowID":64,"Original":{"x":64,"y":80.6599999999999966}},{"RowID":65,"Original":{"x":65,"y":83.3900000000000006}},{"RowID":66,"Original":{"x":66,"y":83.9200000000000017}},{"RowID":67,"Original":{"x":67,"y":86.8499999999999943}},{"RowID":68,"Original":{"x":68,"y":87.7800000000000011}},{"RowID":69,"Original":{"x":69,"y":86.6099999999999994}},{"RowID":70,"Original":{"x":70,"y":91.1400000000000006}},{"RowID":71,"Original":{"x":71,"y":90.6700000000000017}},{"RowID":72,"Original":{"x":72,"y":90.2999999999999972}},{"RowID":73,"Original":{"x":73,"y":93.230000000000004}},{"RowID":74,"Original":{"x":74,"y":95.9599999999999938}},{"RowID":75,"Original":{"x":75,"y":95.1899999999999977}},{"RowID":76,"Original":{"x":76,"y":98.8199999999999932}},{"RowID":77,"Original":{"x":77,"y":98.25}},{"RowID":78,"Original":{"x":78,"y":101.379999999999995}},{"RowID":79,"Original":{"x":79,"y":100.510000000000005}},{"RowID":80,"Original":{"x":80,"y":100.640000000000001}},{"RowID":81,"Original":{"x":81,"y":103.269999999999996}},{"RowID":82,"Original":{"x":82,"y":102.900000000000006}},{"RowID":83,"Original":{"x":83,"y":105.430000000000007}},{"RowID":84,"Original":{"x":84,"y":107.859999999999999}},{"RowID":85,"Original":{"x":85,"y":108.189999999999998}},{"RowID":86,"Original":{"x":86,"y":109.719999999999999}},{"RowID":87,"Original":{"x":87,"y":112.450000000000003}},{"RowID":88,"Original":{"x":88,"y":111.180000000000007}},{"RowID":89,"Original":{"x":89,"y":112.409999999999997}},{"RowID":90,"Original":{"x":90,"y":115.140000000000001}},{"RowID":91,"Original":{"x":91,"y":117.370000000000005}},{"RowID":92,"Original":{"x":92,"y":115.400000000000006}},{"RowID":93,"Original":{"x":93,"y":116.730000000000004}},{"RowID":94,"Original":{"x":94,"y":120.760000000000005}},{"RowID":95,"Original":{"x":95,"y":122.390000000000001}},{"RowID":96,"Original":{"x":96,"y":121.719999999999999}},{"RowID":97,"Original":{"x":97,"y":124.349999999999994}},{"RowID":98,"Original":{"x":98,"y":124.780000000000001}},{"RowID":99,"Original":{"x":99,"y":123.810000000000002}},{"RowID":100,"Original":{"x":100,"y":127.739999999999995}},{"RowID":101,"Original":{"x":101,"y":129.27000000000001}},{"RowID":102,"Original":{"x":102,"y":130.800000000000011}},{"RowID":103,"Original":{"x":103,"y":132.22999999999999}},{"RowID":104,"Original":{"x":104,"y":130.259999999999991}},{"RowID":105,"Original":{"x":105,"y":133.090000000000003}},{"RowID":106,"Original":{"x":106,"y":132.52000000000001}},{"RowID":107,"Original":{"x":107,"y":135.849999999999994}},{"RowID":108,"Original":{"x":108,"y":137.180000000000007}},{"RowID":109,"Original":{"x":109,"y":137.210000000000008}},{"RowID":110,"Original":{"x":110,"y":137.639999999999986}},{"RowID":111,"Original":{"x":111,"y":139.77000000000001}},{"RowID":112,"Original":{"x":112,"y":140.400000000000006}},{"RowID":113,"Original":{"x":113,"y":143.930000000000007}},{"RowID":114,"Original":{"x":114,"y":144.360000000000014}},{"RowID":115,"Original":{"x":115,"y":146.490000000000009}},{"RowID":116,"Original":{"x":116,"y":145.919999999999988}},{"RowID":117,"Original":{"x":117,"y":147.75}},{"RowID":118,"Original":{"x":118,"y":147.47999999999999}},{"RowID":119,"Original":{"x":119,"y":151.409999999999997}},{"RowID":120,"Original":{"x":120,"y":151.740000000000009}},{"RowID":121,"Original":{"x":121,"y":152.27000000000001}},{"RowID":122,"Original":{"x":122,"y":155.300000000000011}},{"RowID":123,"Original":{"x":123,"y":155.22999999999999}},{"RowID":124,"Original":{"x":124,"y":157.060000000000002}},{"RowID":125,"Original":{"x":125,"y":156.090000000000003}},{"RowID":126,"Original":{"x":126,"y":159.819999999999993}},{"RowID":127,"Original":{"x":127,"y":161.550000000000011}},{"RowID":128,"Original":{"x":128,"y":162.680000000000007}},{"RowID":129,"Original":{"x":129,"y":160.509999999999991}},{"RowID":130,"Original":{"x":130,"y":164.340000000000003}},{"RowID":131,"Original":{"x":131,"y":163.669999999999988}},{"RowID":132,"Original":{"x":132,"y":166.300000000000011}},{"RowID":133,"Original":{"x":133,"y":167.830000000000012}},{"RowID":134,"Original":{"x":134,"y":167.360000000000014}},{"RowID":135,"Original":{"x":135,"y":169.689999999999998}},{"RowID":136,"Original":{"x":136,"y":169.620000000000005}},{"RowID":137,"Original":{"x":137,"y":172.150000000000006}},{"RowID":138,"Original":{"x":138,"y":173.280000000000001}},{"RowID":139,"Original":{"x":139,"y":174.310000000000002}},{"RowID":140,"Original":{"x":140,"y":177.439999999999998}},{"RowID":141,"Original":{"x":141,"y":177.969999999999999}},{"RowID":142,"Original":{"x":142,"y":177.199999999999989}},{"RowID":143,"Original":{"x":143,"y":180.930000000000007}},{"RowID":144,"Original":{"x":144,"y":182.060000000000002}},{"RowID":145,"Original":{"x":145,"y":182.689999999999998}},{"RowID":146,"Original":{"x":146,"y":182.919999999999988}},{"RowID":147,"Original":{"x":147,"y":185.349999999999994}},{"RowID":148,"Original":{"x":148,"y":184.280000000000001}},{"RowID":149,"Original":{"x":149,"y":186.310000000000002}},{"RowID":150,"Original":{"x":150,"y":188.139999999999986}},{"RowID":151,"Original":{"x":151,"y":190.169999999999988}},{"RowID":152,"Original":{"x":152,"y":192.300000000000011}},{"RowID":153,"Original":{"x":153,"y":191.629999999999995}},{"RowID":154,"Original":{"x":154,"y":192.159999999999997}},{"RowID":155,"Original":{"x":155,"y":194.289999999999992}},{"RowID":156,"Original":{"x":156,"y":194.120000000000005}},{"RowID":157,"Original":{"x":157,"y":197.349999999999994}},{"RowID":158,"Original":{"x":158,"y":198.780000000000001}},{"RowID":159,"Original":{"x":159,"y":198.509999999999991}},{"RowID":160,"Original":{"x":160,"y":202.139999999999986}},{"RowID":161,"Original":{"x":161,"y":200.27000000000001}},{"RowID":162,"Original":{"x":162,"y":202.5}},{"RowID":163,"Original":{"x":163,"y":203.129999999999995}},{"RowID":164,"Original":{"x":164,"y":204.659999999999997}},{"RowID":165,"Original":{"x":165,"y":208.389999999999986}},{"RowID":166,"Original":{"x":166,"y":209.419999999999988}},{"RowID":167,"Original":{"x":167,"y":210.75}},{"RowID":168,"Original":{"x":168,"y":211.97999999999999}},{"RowID":169,"Original":{"x":169,"y":212.110000000000014}},{"RowID":170,"Original":{"x":170,"y":213.439999999999998}},{"RowID":171,"Original":{"x":171,"y":212.77000000000001}},{"RowID":172,"Original":{"x":172,"y":214.599999999999994}},{"RowID":173,"Original":{"x":173,"y":216.629999999999995}},{"RowID":174,"Original":{"x":174,"y":217.460000000000008}},{"RowID":175,"Original":{"x":175,"y":220.590000000000003}},{"RowID":176,"Original":{"x":176,"y":222.02000000000001}},{"RowID":177,"Original":{"x":177,"y":220.949999999999989}},{"RowID":178,"Original":{"x":178,"y":222.580000000000012}},{"RowID":179,"Original":{"x":179,"y":222.310000000000002}},{"RowID":180,"Original":{"x":180,"y":223.240000000000009}},{"RowID":181,"Original":{"x":181,"y":225.469999999999999}},{"RowID":182,"Original":{"x":182,"y":228.5}},{"RowID":183,"Original":{"x":183,"y":228.030000000000001}},{"RowID":184,"Original":{"x":184,"y":231.759999999999991}},{"RowID":185,"Original":{"x":185,"y":231.689999999999998}},{"RowID":186,"Original":{"x":186,"y":233.919999999999988}},{"RowID":187,"Original":{"x":187,"y":235.550000000000011}},{"RowID":188,"Original":{"x":188,"y":235.080000000000012}},{"RowID":189,"Original":{"x":189,"y":235.210000000000008}},{"RowID":190,"Original":{"x":190,"y":239.139999999999986}},{"RowID":191,"Original":{"x":191,"y":240.069999999999993}},{"RowID":192,"Original":{"x":192,"y":238.599999999999994}},{"RowID":193,"Original":{"x":193,"y":241.830000000000012}},{"RowID":194,"Original":{"x":194,"y":241.759999999999991}},{"RowID":195,"Original":{"x":195,"y":245.090000000000003}},{"RowID":196,"Original":{"x":196,"y":245.52000000000001}},{"RowID":197,"Original":{"x":197,"y":246.349999999999994}},{"RowID":198,"Original":{"x":198,"y":247.379999999999995}},{"RowID":199,"Original":{"x":199,"y":246.909999999999997}}]}],"RelationList":[],"UpdatesJournal":{"SavePoint":200,"Changes":[]}}}}